Time,X,Y,Z
0.000000,-0.734452,-0.700177,-2.245286
0.091667,-0.782021,-0.705304,-1.864996
0.125000,-0.809744,-0.706065,-1.680710
0.158333,-0.841313,-0.706241,-1.485711
0.191667,-0.874716,-0.706154,-1.279631
0.241667,-0.924564,-0.705841,-0.950361
0.283333,-0.963930,-0.705513,-0.658882
0.358333,-1.041882,-0.704751,-0.096824
0.433333,-1.126369,-0.704003,0.513374
0.508333,-1.217178,-0.703308,1.171254
0.583333,-1.314395,-0.702639,1.876299
0.608333,-1.348212,-0.702395,2.121708
0.683333,-1.438810,-0.701890,2.890283
0.733333,-1.487640,-0.701770,3.429669
0.791667,-1.532855,-0.701842,4.085855
0.866667,-1.573344,-0.702227,4.970499
0.958333,-1.599333,-0.702962,6.106773
1.050000,-1.600236,-0.704051,7.301276
1.141667,-1.573809,-0.705559,8.552715
1.233333,-1.517050,-0.707517,9.859683
1.325000,-1.426949,-0.709970,11.220631
1.425000,-1.287201,-0.713242,12.764868
1.516667,-1.118004,-0.716729,14.233021
1.608333,-0.906668,-0.720617,15.749421
1.700000,-0.650608,-0.724831,17.311892
1.716667,-0.598036,-0.725641,17.619133
1.783333,-0.407477,-0.731161,18.941584
1.816667,-0.329082,-0.732874,19.615215
1.850000,-0.258470,-0.733942,20.296602
1.941667,-0.056885,-0.735255,22.204861
2.041667,0.227038,-0.735920,24.336870
2.133333,0.561460,-0.735130,26.332235
2.233333,1.012940,-0.729110,28.548882
2.325000,1.506564,-0.720544,30.613873
2.375000,1.796310,-0.714982,31.755339
2.400000,1.940276,-0.712190,32.331512
2.475000,2.332692,-0.705189,34.089043
2.566667,2.634825,-0.702085,36.304886
2.641667,2.694555,-0.704433,38.161957
2.675000,2.669179,-0.706432,38.996014
2.708333,2.627029,-0.708359,39.834949
2.800000,2.534744,-0.711520,42.171825
2.891667,2.563587,-0.711657,44.551331
2.983333,2.735595,-0.709161,46.961769
3.075000,3.055238,-0.703761,49.389336
3.141667,3.381373,-0.697149,51.159599
3.191667,3.673025,-0.688329,52.488411
3.266667,4.173136,-0.670633,54.484241
3.358333,4.869070,-0.637325,56.929783
3.450000,5.642634,-0.589632,59.383789
3.541667,6.484675,-0.536238,61.846382
3.633333,7.394279,-0.477507,64.315750
3.733333,8.470798,-0.410259,67.012787
3.825000,9.535321,-0.350673,69.485863
3.875000,10.148132,-0.324268,70.834145
3.908333,10.571281,-0.309489,71.731506
3.941667,11.008611,-0.295837,72.626144
3.991667,11.698112,-0.278166,73.958664
4.041667,12.436462,-0.262281,75.273499
4.116667,13.653782,-0.248427,77.195862
4.208333,15.338079,-0.235715,79.433945
4.300000,17.246990,-0.233795,81.512962
4.391667,19.368626,-0.236139,83.405327
4.433333,20.398588,-0.239909,84.197556
4.466667,21.249268,-0.245039,84.800354
4.500000,22.120863,-0.249422,85.377457
4.550000,23.461618,-0.257681,86.200584
4.600000,24.835276,-0.267154,86.981262
4.675000,26.945843,-0.293188,88.087852
4.766667,29.585707,-0.334078,89.360603
4.866667,32.516716,-0.388960,90.670494
4.958333,35.245884,-0.451230,91.802658
5.050000,38.012058,-0.516275,92.868546
5.141667,40.807762,-0.577638,93.861969
5.241667,43.887096,-0.633343,94.863098
5.333333,46.706722,-0.675897,95.704506
5.425000,49.503441,-0.706533,96.462418
5.516667,52.275669,-0.725123,97.135208
5.616667,55.266510,-0.729552,97.785614
5.658333,56.486515,-0.646709,98.029968
5.750000,59.112209,-0.201319,98.504547
5.783333,60.081226,-0.120062,98.655869
5.791667,60.324955,-0.109905,98.692329
5.883333,63.316547,-0.152110,99.199631
5.975000,66.292145,-0.169046,99.922302
6.041667,68.415840,-0.170502,100.613998
6.075000,69.463707,-0.170773,101.006371
6.108333,70.506111,-0.170932,101.417961
6.200000,73.380661,-0.171057,102.557632
6.291667,76.297836,-0.171148,103.627205
6.341667,77.910324,-0.171249,104.168388
6.400000,79.816963,-0.171383,104.734467
6.475000,82.316864,-0.171520,105.293694
6.483333,82.597885,-0.171531,105.340820
6.575000,85.717728,-0.171618,105.644760
6.658333,88.567627,-0.161914,105.589470
6.675000,89.110001,-0.091145,105.541122
6.733333,91.183556,0.568003,105.245323
6.741667,91.477684,0.663160,105.191200
6.775000,92.652290,1.039939,104.958534
6.808333,93.826485,1.412269,104.717010
6.858333,95.592842,1.966455,104.373619
6.908333,97.368286,2.517217,104.074760
6.983333,100.049782,3.333672,103.686691
7.075000,103.345352,4.218568,103.218758
7.166667,106.656342,4.955650,102.751961
7.258333,109.987221,5.508195,102.285805
7.350000,113.322945,5.844915,101.819977
7.441667,116.667496,5.763988,101.354263
7.533333,120.019325,5.533901,100.888657
7.625000,123.377426,5.154483,100.423050
7.716667,126.740944,4.625659,99.957443
7.808333,130.109131,3.947373,99.491798
7.900000,133.481339,3.119584,99.026077
7.991667,136.857086,2.142260,98.560257
8.091666,140.543091,0.905518,98.051971
8.175000,143.617508,-0.248098,97.627983
8.191667,144.229248,-0.404997,97.541916
8.283334,147.574860,-0.497220,97.084854
8.383333,151.239960,-0.488818,96.676102
8.475000,154.620468,-0.484665,96.388916
8.575000,158.323090,-0.482911,96.167358
8.583333,158.632248,-0.482806,96.153152
8.591666,158.941498,-0.482726,96.139603
8.683333,162.348999,-0.484130,96.034828
8.783334,166.064835,-0.490072,96.014908
8.883333,169.763229,-0.500026,96.093887
8.975000,173.135910,-0.512750,96.251877
9.075000,176.793762,-0.529880,96.516075
9.166667,180.125092,-0.547087,96.840874
9.266666,183.733337,-0.567509,97.284973
9.358334,187.014603,-0.583232,97.776680
9.458333,190.563171,-0.598628,98.404060
9.550000,193.785919,-0.612016,99.059448
9.641666,196.978165,-0.625945,99.789703
9.733334,200.161377,-0.634773,100.596672
9.833333,203.651459,-0.632402,101.573402
9.841666,203.942291,-0.631764,101.659470
9.933333,207.458786,-0.629309,102.624786
10.033334,211.388977,-0.628115,103.402626
10.133333,215.399124,-0.623278,103.807953
10.225000,219.086884,-0.627294,103.856873
10.233334,219.421402,-0.628216,103.846764
10.266666,220.757599,-0.632897,103.786758
10.300000,222.090790,-0.638571,103.704903
10.400000,226.079407,-0.651597,103.462578
10.450000,228.069641,-0.654119,103.384804
10.533334,231.379578,-0.653074,103.377373
10.541667,231.709839,-0.652589,103.386879
10.600000,234.016632,-0.647209,103.498375
10.650000,235.986084,-0.639043,103.646957
10.725000,238.924454,-0.603366,103.955185
10.825000,242.811157,-0.531606,104.497147
10.916667,246.343964,-0.445989,105.090584
11.016666,250.164719,-0.335064,105.829414
11.108334,253.634781,-0.212477,106.587601
11.208333,257.378784,-0.072815,107.507278
11.291667,260.451569,0.048886,108.342728
11.325000,261.667542,0.099700,108.695038
11.358334,262.874695,0.152628,109.061241
11.408334,264.665405,0.234611,109.646286
11.458333,266.427612,0.319497,110.286232
11.550000,269.571655,0.488829,111.634308
11.583333,270.682190,0.554849,112.184265
11.675000,273.646210,0.744741,113.837242
11.725000,275.208160,0.852563,114.815498
11.800000,277.465881,1.021627,116.390869
11.900000,280.277924,1.262521,118.715912
11.991667,282.612976,1.497918,121.080856
12.058333,284.143707,1.673910,122.935898
12.091666,284.855591,1.764717,123.900360
12.125000,285.533661,1.859401,124.885406
12.183333,286.648010,2.016765,126.650208
12.233334,287.535675,2.139611,128.197418
12.308333,288.748169,2.301743,130.571854
12.408334,290.105133,2.441649,133.838593
12.458333,290.659149,2.513699,135.502533
12.550000,291.407013,2.708599,138.589905
12.558333,291.457306,2.729141,138.872299
12.658334,291.802338,3.037011,142.264282
12.758333,291.686981,3.417011,145.612701
12.850000,291.220612,3.746711,148.610687
12.950000,290.351837,3.991900,151.823669
13.041667,289.285797,4.141458,154.701797
13.141666,287.816376,4.213429,157.725540
13.233334,286.183105,4.235266,160.345154
13.308333,284.650543,4.244023,162.352631
13.316667,284.469849,4.245023,162.567429
13.408334,282.353760,4.258095,164.815979
13.466666,280.892303,4.263210,166.134674
13.558333,278.424316,4.276537,168.028275
13.658334,275.498779,4.302675,169.830231
13.666667,275.244812,4.304898,169.966995
13.675000,274.989380,4.307098,170.101639
13.750000,272.377167,4.328548,171.216431
13.783334,271.159912,4.343202,171.552811
13.816667,269.920227,4.360783,171.794830
13.908334,266.451874,4.424371,172.073212
14.008333,262.648346,4.530805,171.831772
14.016666,262.333527,4.541115,171.787155
14.108334,258.917511,4.674497,171.051102
14.158334,257.104950,4.763108,170.460922
14.216666,255.063416,4.882703,169.582275
14.283334,252.880981,5.032034,168.286209
14.316667,251.866089,5.115063,167.523544
14.366667,250.438187,5.252719,166.265411
14.375000,250.210571,5.276222,166.044434
14.475000,247.614532,5.561642,163.261414
14.566667,245.400894,5.836327,160.566055
14.616667,244.261261,5.988077,159.042648
14.633333,243.893250,6.037766,158.526077
14.641666,243.711700,6.062236,158.266006
14.733334,241.609360,6.355630,154.965240
14.766666,240.906799,6.464599,153.718552
14.800000,240.233612,6.572330,152.450897
14.850000,239.270020,6.727402,150.516281
14.925000,237.911514,6.949291,147.552948
15.025000,236.223282,7.217226,143.514145
15.116667,234.767944,7.426932,139.767456
15.216666,233.274582,7.649174,135.649750
15.308333,231.991943,7.846644,131.846451
15.408334,230.674469,8.069648,127.670494
15.508333,229.454712,8.283079,123.463356
15.600000,228.425354,8.468668,119.580109
15.700000,227.401688,8.581688,115.309822
15.758333,226.854828,8.587979,112.805031
15.791667,226.563293,8.731211,111.396156
15.891666,225.829178,9.122045,107.168785
15.966666,225.410461,9.167356,103.971474
16.066668,224.983932,9.096354,99.705627
16.166666,224.704025,9.233236,95.452888
16.258333,224.536819,9.328065,91.541153
16.350000,224.439346,9.261151,87.611244
16.441668,224.410553,8.950153,83.674522
16.541666,224.465683,8.300203,79.398071
16.633333,224.630707,7.897676,75.493935
16.725000,224.887573,7.397820,71.610420
16.758333,225.005203,7.201101,70.199074
16.791666,225.140091,6.999757,68.787895
16.841667,225.384674,6.685731,66.673187
16.908333,225.812546,6.245917,63.862465
16.950001,226.144821,5.962578,62.113445
17.000000,226.602600,5.615807,60.022915
17.075001,227.386490,5.078611,56.902275
17.174999,228.561737,4.347293,52.758366
17.266666,229.744858,3.671042,48.973392
17.291666,230.082855,3.485266,47.943222
17.383333,231.378342,2.804170,44.159492
17.391666,231.500671,2.742679,43.814457
17.433332,232.124786,2.437043,42.086990
17.441668,232.252151,2.376150,41.741100
17.483334,232.926575,2.050577,39.879883
17.516666,233.454437,1.796239,38.381489
17.549999,233.968033,1.549584,36.876362
17.641666,235.392044,0.908668,32.733162
17.691668,236.223175,0.589641,30.487417
17.758333,237.449951,0.206293,27.534998
17.799999,238.315720,-0.004332,25.731995
17.833334,239.065796,-0.157324,24.318052
17.841667,239.260254,-0.192829,23.968170
17.941668,241.733032,-0.537617,19.845961
17.991667,243.035156,-0.646884,17.822828
18.041666,244.358948,-0.718442,15.812942
18.116667,246.321732,-0.787085,12.782503
18.133333,246.745941,-0.799641,12.101523
18.141666,246.955688,-0.805880,11.759607
18.183332,247.972595,-0.836752,10.032665
18.216667,248.739212,-0.861380,8.627469
18.250000,249.465271,-0.889368,7.203490
18.341667,251.283035,-0.990224,3.214355
18.391666,252.168030,-1.063214,1.005977
18.433332,252.834885,-1.141200,-0.829233
18.475000,253.430603,-1.229989,-2.656750
18.516666,253.951050,-1.334999,-4.475085
18.558332,254.395035,-1.449082,-6.282166
18.600000,254.761459,-1.575276,-8.075130
18.641666,255.050980,-1.716204,-9.850604
18.683332,255.263397,-1.867588,-11.605817
18.725000,255.399109,-2.035379,-13.336976
18.766666,255.460144,-2.216752,-15.040895
18.808332,255.449509,-2.408671,-16.714594
18.850000,255.369980,-2.607530,-18.355434
18.891666,255.221664,-2.806100,-19.961212
18.933332,255.006104,-3.009340,-21.528297
18.966667,254.787964,-3.174329,-22.752474
19.000000,254.533463,-3.339602,-23.949816
19.033333,254.247818,-3.506373,-25.120001
19.075001,253.854843,-3.713581,-26.545450
19.116667,253.429062,-3.916173,-27.930511
19.191668,252.598694,-4.284415,-30.343012
19.291666,251.388428,-4.792964,-33.496456
19.383333,250.200928,-5.259257,-36.333935
19.416666,249.751572,-5.429323,-37.352917
19.450001,249.290573,-5.599961,-38.363758
19.483334,248.814850,-5.771005,-39.364834
19.533333,248.065948,-6.026358,-40.843903
19.591667,247.124817,-6.312852,-42.527122
19.666666,245.793961,-6.670397,-44.606956
19.758333,243.971039,-7.093894,-46.991623
19.850000,241.934464,-7.498064,-49.173691
19.933332,239.915619,-7.852894,-50.969090
19.941668,239.705307,-7.887606,-51.138844
19.950001,239.493591,-7.922185,-51.306866
19.983334,238.633469,-8.059124,-51.962162
20.016666,237.754196,-8.193564,-52.592064
20.083334,235.948471,-8.455620,-53.784500
20.133333,234.553070,-8.647390,-54.626034
20.208334,232.372238,-8.919319,-55.796005
20.308332,229.294647,-9.254869,-57.128220
20.400000,226.317337,-9.517975,-58.081440
20.491667,223.214752,-9.725783,-58.750916
20.583334,220.015778,-9.885950,-59.114342
20.683332,216.457932,-10.106014,-59.121166
20.691668,216.159973,-10.132171,-59.102795
20.725000,214.971329,-10.247788,-59.003075
20.758333,213.801147,-10.376773,-58.866215
20.791666,212.632263,-10.515554,-58.695221
20.841667,210.879044,-10.738463,-58.383762
20.900000,208.832962,-11.008198,-57.951141
20.975000,206.198029,-11.322381,-57.296989
21.066668,202.961853,-11.600004,-56.373013
21.100000,201.779083,-11.681689,-56.012173
21.133333,200.594711,-11.758323,-55.635143
21.216667,197.640869,-11.935726,-54.592163
21.266666,195.875198,-12.032571,-53.879684
21.316668,194.149750,-12.128695,-53.068962
21.325001,193.867493,-12.145309,-52.923023
21.400000,191.418198,-12.305800,-51.451214
21.450001,189.906509,-12.424221,-50.292362
21.483334,188.963089,-12.507834,-49.442333
21.575001,186.592606,-12.748540,-46.880711
21.658333,184.655426,-12.987564,-44.374092
21.708334,183.574783,-13.141253,-42.819897
21.783333,182.014633,-13.385148,-40.461563
21.875000,180.105682,-13.696345,-37.603035
21.916666,179.212860,-13.837541,-36.328560
21.924999,179.032013,-13.865635,-36.075851
22.016666,176.935867,-14.175704,-33.390629
22.108334,174.606644,-14.483450,-30.931215
22.200001,172.065353,-14.793034,-28.721172
22.299999,169.082855,-15.136943,-26.615007
22.391666,166.181641,-15.461385,-24.988638
22.483334,163.147156,-15.808944,-23.681080
22.491667,162.865982,-15.844535,-23.579008
22.583334,159.705368,-16.297647,-22.632353
22.683332,156.143936,-16.970449,-21.947405
22.775000,152.843307,-17.810801,-21.656178
22.866667,149.547882,-18.649477,-21.690834
22.958334,146.187683,-19.119946,-22.098927
22.991667,144.962204,-19.218515,-22.337542
23.083334,141.633438,-19.390656,-23.368544
23.091667,141.344101,-19.401493,-23.500473
23.191668,138.150452,-19.499138,-25.567369
23.291666,135.657440,-19.483551,-28.421038
23.325001,135.026718,-19.467392,-29.514988
23.358334,134.491516,-19.471474,-30.660324
23.450001,133.399246,-19.563251,-33.970959
23.549999,132.771484,-19.784145,-37.726288
23.600000,132.686325,-19.925611,-39.627728
23.691668,132.991272,-20.197741,-43.092381
23.725000,133.285553,-20.261265,-44.326485
23.775000,133.787262,-20.323298,-46.167393
23.841667,134.405106,-20.377987,-48.635826
23.941668,135.116028,-20.434128,-52.385880
24.041666,135.574326,-20.478142,-56.173706
24.091667,135.710663,-20.496958,-58.070477
24.150000,135.799896,-20.517988,-60.280071
24.225000,135.824295,-20.540577,-63.111771
24.316668,135.750458,-20.564739,-66.554642
24.416666,135.569794,-20.591320,-70.285088
24.508333,135.318344,-20.618069,-73.679283
24.600000,134.985321,-20.643656,-77.047150
24.691668,134.571640,-20.658958,-80.386719
24.741667,134.312668,-20.665617,-82.195702
24.775000,134.125214,-20.669800,-83.396271
24.808332,133.922287,-20.674030,-84.591751
24.858334,133.580475,-20.681076,-86.373322
24.908333,133.190521,-20.689037,-88.139122
24.983334,132.526855,-20.699417,-90.758087
25.075001,131.618500,-20.688749,-93.914627
25.174999,130.542068,-20.657930,-97.309227
25.191668,130.354568,-20.651455,-97.870026
25.291666,129.170212,-20.594240,-101.229134
25.383333,127.995193,-20.504780,-104.309196
25.458334,126.971169,-20.418623,-106.827766
25.491667,126.496559,-20.369934,-107.944931
25.525000,126.006844,-20.314783,-109.059036
25.575001,125.237213,-20.221247,-110.720703
25.674999,123.525101,-19.982317,-113.977844
25.725000,122.572311,-19.835938,-115.561440
25.733334,122.408112,-19.810555,-115.822678
25.791666,121.224091,-19.623344,-117.633606
25.866667,119.629616,-19.355507,-119.924210
25.900000,118.900429,-19.226429,-120.931656
25.933332,118.157829,-19.093512,-121.932236
25.966667,117.399361,-18.957502,-122.924026
26.016666,116.230057,-18.749317,-124.379143
26.075001,114.824913,-18.493420,-125.996468
26.108334,114.000465,-18.339603,-126.877304
26.141666,113.160370,-18.182209,-127.725334
26.191668,111.875954,-17.942812,-128.938782
26.250000,110.349770,-17.658434,-130.276993
26.291666,109.238159,-17.451012,-131.191071
26.341667,107.877739,-17.199188,-132.237198
26.416666,105.775940,-16.821764,-133.685806
26.508333,103.103516,-16.368242,-135.228699
26.600000,100.327354,-15.920993,-136.488052
26.691668,97.475143,-15.477880,-137.452698
26.725000,96.425171,-15.319659,-137.729187
26.816668,93.516815,-14.904822,-138.287766
26.866667,91.925987,-14.677976,-138.463745
26.875000,91.661140,-14.639916,-138.484360
26.966667,88.451111,-14.183049,-138.399460
27.066668,85.097733,-13.736429,-137.414124
27.116667,83.557610,-13.542743,-136.582870
27.150000,82.598839,-13.422676,-135.917450
27.183332,81.694710,-13.308273,-135.177795
27.275000,79.446960,-13.017288,-132.868362
27.283333,79.258392,-12.992509,-132.642334
27.350000,77.844299,-12.793847,-130.753113
27.400000,76.889809,-12.642090,-129.254059
27.491667,75.313751,-12.353088,-126.379250
27.525000,74.780945,-12.246245,-125.303497
27.566668,74.156738,-12.115681,-123.932030
27.575001,74.039101,-12.089748,-123.653740
27.674999,72.631920,-11.773065,-120.289772
27.750000,71.447479,-11.547174,-117.794708
27.799999,70.588326,-11.408563,-116.151253
27.875000,69.214066,-11.233445,-113.709290
27.966667,67.421822,-11.067226,-110.752357
28.066668,65.359131,-10.937560,-107.550179
28.166666,63.210415,-10.850328,-104.395905
28.250000,61.360088,-10.788307,-101.808685
28.283333,60.604641,-10.760500,-100.786972
28.316668,59.837280,-10.729761,-99.777473
28.366667,58.656303,-10.676887,-98.292839
28.416666,57.431404,-10.616972,-96.852074
28.491667,55.499798,-10.493157,-94.791763
28.583334,52.973969,-10.231804,-92.476212
28.616667,52.009083,-10.106759,-91.698952
28.650000,51.024094,-9.969579,-90.953720
28.700001,49.516693,-9.744207,-89.888931
28.750000,47.977512,-9.503697,-88.875061
28.825001,45.610569,-9.125988,-87.420631
28.833334,45.343697,-9.083751,-87.263206
28.875000,43.990662,-8.871426,-86.465034
28.924999,42.373154,-8.622465,-85.483421
28.958334,41.307964,-8.462764,-84.806259
28.991667,40.249939,-8.309803,-84.116379
29.083334,37.328110,-7.896846,-82.236588
29.183332,34.078770,-7.401709,-80.296768
29.275000,31.035166,-6.913209,-78.642410
29.283333,30.755527,-6.867757,-78.497849
29.333334,29.072512,-6.591425,-77.641769
29.408333,26.553885,-6.165133,-76.350082
29.500000,23.543713,-5.621026,-74.653297
29.533333,22.478989,-5.420186,-73.986641
29.541666,22.215746,-5.369556,-73.815483
29.633333,19.422340,-4.788633,-71.793297
29.725000,16.852367,-4.117186,-69.520836
29.816668,14.542946,-3.334628,-67.017952
29.900000,12.692286,-2.586368,-64.544189
29.933332,12.016913,-2.308509,-63.502777
29.966667,11.375849,-2.058673,-62.432911
30.016666,10.472569,-1.732322,-60.784191
30.066668,9.627636,-1.465205,-59.094231
30.141666,8.450169,-1.174556,-56.501518
30.233334,7.125070,-0.957454,-53.271034
30.325001,5.899546,-0.848057,-50.010086
30.424999,4.670187,-0.821719,-46.435169
30.516666,3.632970,-0.814202,-43.149555
30.608334,2.685277,-0.829961,-39.856964
30.700001,1.826952,-0.828887,-36.559834
30.799999,0.983306,-0.816171,-32.962650
30.841667,0.660781,-0.811057,-31.464191
30.941668,-0.047653,-0.800350,-27.843090
31.041666,-0.660661,-0.783913,-24.167542
31.133333,-1.140814,-0.768238,-20.753014
31.225000,-1.543745,-0.757380,-17.298626
31.316668,-1.865150,-0.749183,-13.807522
31.416666,-2.120300,-0.742180,-9.960229
31.424999,-2.137047,-0.741676,-9.637883
31.516666,-2.274562,-0.736808,-6.094790
31.608334,-2.325797,-0.732840,-2.600109
31.700001,-2.292921,-0.731125,0.840283
31.799999,-2.164134,-0.734427,4.529179
31.866667,-2.025928,-0.737178,6.946872
31.958334,-1.769514,-0.741375,10.218740
32.058334,-1.403294,-0.746333,13.737418
32.150002,-0.990704,-0.750727,16.914175
32.250000,-0.459353,-0.755254,20.324627
32.341667,0.099101,-0.756616,23.398838
32.433334,0.720837,-0.752093,26.415035
32.525002,1.405068,-0.738910,29.359333
32.616665,2.148138,-0.721165,32.230495
32.666668,2.576586,-0.710577,33.765526
32.674999,2.649493,-0.708786,34.019230
32.766666,3.458905,-0.686068,37.119083
32.858334,4.030611,-0.652670,40.277946
32.950001,4.326812,-0.629040,43.482243
32.983334,4.368956,-0.627727,44.654095
33.016666,4.387248,-0.628944,45.828033
33.108334,4.417359,-0.636117,49.064663
33.200001,4.526026,-0.642567,52.310429
33.250000,4.645791,-0.643592,54.082001
33.325001,4.969359,-0.635385,56.728745
33.358334,5.175740,-0.627407,57.897068
33.366665,5.232181,-0.625033,58.188408
33.375000,5.290277,-0.622531,58.479488
33.466667,6.028168,-0.592710,61.663296
33.558334,6.939752,-0.551226,64.789101
33.650002,8.032519,-0.503525,67.835716
33.750000,9.430526,-0.443098,71.053833
33.799999,10.212261,-0.414185,72.615082
33.875000,11.507125,-0.372178,74.897537
33.966667,13.326118,-0.330804,77.580086
34.058334,15.418405,-0.299230,80.102303
34.150002,17.775991,-0.287596,82.428932
34.216667,19.645433,-0.286936,83.982651
34.224998,19.887863,-0.287732,84.168015
34.316666,23.009083,-0.312146,86.307457
34.325001,23.304007,-0.314875,86.488228
34.391666,25.725090,-0.337718,87.849159
34.424999,26.974043,-0.353146,88.472603
34.458332,28.245028,-0.367346,89.061104
34.508335,30.186863,-0.390780,89.886337
34.558334,32.163921,-0.414956,90.654732
34.633335,35.183613,-0.458076,91.723190
34.733334,39.290813,-0.525523,93.030945
34.825001,43.123611,-0.588822,94.140022
34.916668,47.016602,-0.650990,95.167686
35.008335,50.964634,-0.702368,96.125427
35.108334,55.330143,-0.735051,97.079056
35.150002,57.130981,-0.626587,97.444870
35.250000,61.356796,-0.052215,98.236351
35.308334,63.870186,-0.078736,98.654961
35.341667,65.323219,-0.135402,98.883667
35.416668,68.624352,-0.180436,99.344704
35.491665,71.946648,-0.187509,99.709091
35.583332,76.018494,-0.187906,100.041771
35.674999,80.098640,-0.187820,100.279297
35.708332,81.584091,-0.187771,100.343582
35.799999,85.673241,-0.187683,100.439705
35.875000,89.021584,-0.187657,100.419975
35.966667,93.114647,-0.187666,100.298271
36.058334,97.206833,-0.187703,100.086609
36.150002,101.296310,-0.187747,99.787613
36.250000,105.752197,-0.187796,99.362030
36.341667,109.829781,-0.187840,98.880951
36.433334,113.898834,-0.192732,98.313156
36.474998,115.745537,-0.225134,98.026764
36.483334,116.114639,-0.236352,97.967377
36.575001,120.473022,-0.414446,97.339203
36.666668,124.833321,-0.464079,96.999733
36.758335,129.191498,-0.466985,97.023666
36.858334,133.917679,-0.480557,97.440811
36.891666,135.481720,-0.485507,97.662392
36.924999,137.041245,-0.490170,97.908905
37.016666,141.327179,-0.501189,98.586113
37.083332,144.452026,-0.508393,99.006081
37.133335,146.801697,-0.513712,99.254532
37.174999,148.763885,-0.518072,99.392845
37.250000,152.298126,-0.525631,99.442986
37.333332,156.206909,-0.533026,99.178726
37.366665,157.759674,-0.535367,98.982597
37.383335,158.534805,-0.536357,98.876793
37.391666,158.922272,-0.536817,98.823486
37.483334,163.191238,-0.541359,98.308281
37.541668,165.915955,-0.544552,98.081352
37.616665,169.423920,-0.549786,97.891174
37.708332,173.713470,-0.557474,97.777092
37.799999,177.997147,-0.567271,97.764832
37.841667,179.920471,-0.572561,97.790474
37.883335,181.817459,-0.577750,97.834747
37.924999,183.687927,-0.582913,97.896919
37.966667,185.531723,-0.588131,97.976303
37.983334,186.261749,-0.590247,98.012764
38.075001,190.265717,-0.603010,98.264420
38.166668,194.285660,-0.617967,98.605179
38.258335,198.319229,-0.634891,99.034958
38.349998,202.342575,-0.652892,99.549477
38.391666,204.133362,-0.660314,99.806305
38.416668,205.194305,-0.663932,99.966759
38.458332,206.944290,-0.668737,100.229530
38.500000,208.670319,-0.672848,100.461189
38.508335,209.013138,-0.673643,100.501572
38.541668,210.376465,-0.676508,100.639915
38.575001,211.726105,-0.678921,100.744926
38.608334,213.060638,-0.681119,100.827599
38.650002,214.705872,-0.683910,100.922394
38.691666,216.324493,-0.686691,101.026733
38.783333,219.815079,-0.689603,101.325974
38.858334,222.659821,-0.685708,101.651833
38.908333,224.553314,-0.681787,101.894241
38.983334,227.396912,-0.676190,102.229675
39.049999,229.933517,-0.673048,102.436569
39.083332,231.204453,-0.672290,102.501907
39.116665,232.476028,-0.671700,102.553612
39.125000,232.793930,-0.671527,102.566162
39.200001,235.653625,-0.668214,102.710480
39.250000,237.556595,-0.654215,102.859428
39.325001,240.402435,-0.611436,103.171089
39.416668,243.866028,-0.539849,103.665482
39.508335,247.314697,-0.455109,104.252563
39.608334,251.045197,-0.345212,104.984680
39.700001,254.426773,-0.230683,105.737289
39.783333,257.467743,-0.118121,106.488480
39.816666,258.674438,-0.070213,106.808487
39.849998,259.874268,-0.020518,107.143761
39.900002,261.657776,0.056886,107.684647
39.950001,263.416718,0.138497,108.282585
40.016666,265.713287,0.254218,109.185371
40.108334,268.769562,0.423174,110.618767
40.200001,271.710114,0.603167,112.236008
40.250000,273.263000,0.705280,113.189690
40.308334,275.021881,0.828353,114.370583
40.383335,277.183075,0.993214,116.008377
40.416668,278.103943,1.070487,116.779350
40.508335,280.519653,1.291781,119.012794
40.575001,282.178009,1.461358,120.732040
40.625000,283.361145,1.592016,122.076691
40.700001,285.022278,1.794769,124.188889
40.791668,286.829559,2.044028,126.934372
40.833332,287.562592,2.145014,128.239960
40.924999,288.989471,2.319817,131.228806
40.933334,289.107117,2.328285,131.507843
41.025002,290.256165,2.412244,134.622345
41.108334,290.981964,2.533626,137.504532
41.191666,291.377075,2.695526,140.395340
41.250000,291.499634,2.879191,142.392685
41.333332,291.427826,3.219456,145.184265
41.366665,291.307922,3.355232,146.283127
41.400002,291.147583,3.488115,147.371796
41.500000,290.438599,3.854906,150.570084
41.558334,289.897400,3.995951,152.407684
41.633335,289.081604,4.133109,154.734802
41.733334,287.752930,4.218710,157.741730
41.825001,286.267273,4.233989,160.347946
41.908333,284.710693,4.237498,162.533188
41.916668,284.545227,4.237884,162.741211
42.000000,282.805847,4.245030,164.715591
42.091667,280.711975,4.256498,166.684692
42.183334,278.417206,4.274196,168.453827
42.216667,277.536072,4.282752,169.042908
42.224998,277.312134,4.285006,169.185455
42.291668,275.251556,4.304153,170.296982
42.325001,274.159454,4.314819,170.724426
42.358334,273.036621,4.326439,171.067856
42.450001,269.850952,4.369547,171.659622
42.541668,266.588806,4.429982,171.809479
42.549999,266.290649,4.437225,171.801819
42.641666,263.015228,4.531573,171.482758
42.733334,259.789001,4.656766,170.733337
42.808334,257.229645,4.788849,169.795563
42.858334,255.590225,4.893725,168.994324
42.916668,253.786118,5.017335,167.849869
42.924999,253.540039,5.035808,167.667587
43.016666,250.950241,5.229841,165.479416
43.108334,248.466980,5.455006,163.106644
43.200001,246.110962,5.743678,160.570938
43.250000,244.894547,5.913576,159.115723
43.341667,242.807785,6.202405,156.322861
43.383335,241.926529,6.325596,155.004608
43.433334,240.920227,6.474250,153.389725
43.508335,239.496490,6.694980,150.915909
43.608334,237.726715,6.954190,147.555725
43.700001,236.209320,7.148006,144.441681
43.791668,234.780914,7.317232,141.305466
43.883335,233.439087,7.488189,138.152237
43.933334,232.737488,7.586092,136.428680
43.966667,232.283554,7.652907,135.277664
44.000000,231.845352,7.719675,134.123276
44.058334,231.129349,7.835524,132.091034
44.108334,230.572296,7.934381,130.336624
44.183334,229.823639,8.078857,127.689957
44.275002,229.019638,8.246798,124.443298
44.375000,228.248993,8.420556,120.898735
44.466667,227.632462,8.547247,117.650307
44.558334,227.102142,8.602174,114.404068
44.616665,226.808716,8.657706,112.354736
44.708332,226.423111,8.998173,109.186218
44.799999,226.127243,9.188807,105.999840
44.891666,225.906158,9.134112,102.796463
44.983334,225.764984,9.081376,99.600761
45.075001,225.723099,9.162622,96.420967
45.166668,225.761520,9.277411,93.261192
45.258335,225.862320,9.291629,90.119789
45.358334,226.049622,9.184361,86.719597
45.450001,226.288605,8.936078,83.635468
45.541668,226.593033,8.494997,80.598274
45.633335,226.968552,8.081432,77.596832
45.666668,227.127228,7.974476,76.508156
45.758335,227.619080,7.614504,73.508575
45.766666,227.667908,7.578388,73.234436
45.858334,228.252686,7.161180,70.200462
45.950001,228.923264,6.710369,67.146904
46.041668,229.674606,6.235843,64.090141
46.066666,229.893600,6.101879,63.256336
46.075001,229.967941,6.056795,62.978409
46.166668,230.777283,5.499336,59.676521
46.224998,231.174805,5.134422,57.562229
46.258335,231.355255,4.921961,56.350353
46.291668,231.513062,4.707707,55.138214
46.383335,231.935410,4.115939,51.817211
46.483334,232.492981,3.477972,48.229275
46.575001,233.113739,2.900797,44.978642
46.625000,233.502121,2.595445,43.222534
46.683334,234.023651,2.243011,41.197098
46.766666,234.896271,1.757566,38.350765
46.858334,235.946152,1.258217,35.262440
46.950001,236.999817,0.788945,32.191280
47.041668,238.050690,0.374680,29.131882
47.133335,239.098618,0.013877,26.085310
47.183334,239.675507,-0.152562,24.430729
47.250000,240.494095,-0.343129,22.237942
47.325001,241.560898,-0.508793,19.798290
47.416668,243.156342,-0.643326,16.919817
47.450001,243.820892,-0.677787,15.912369
47.474998,244.342926,-0.700262,15.168537
47.508335,245.056763,-0.726602,14.183296
47.558334,246.127625,-0.760159,12.692335
47.616665,247.330658,-0.796703,10.902371
47.691666,248.758408,-0.842922,8.499817
47.783333,250.276337,-0.913138,5.405506
47.791668,250.400497,-0.920355,5.115947
47.825001,250.873886,-0.949219,3.945186
47.858334,251.311447,-0.978420,2.755861
47.900002,251.813156,-1.023835,1.247749
47.950001,252.356827,-1.092521,-0.580904
48.025002,253.068130,-1.214627,-3.351919
48.125000,253.869232,-1.438184,-7.078290
48.158333,254.101822,-1.533283,-8.326053
48.191666,254.313385,-1.639907,-9.576648
48.241665,254.584473,-1.811894,-11.458698
48.308334,254.848938,-2.068917,-13.977369
48.400002,254.978683,-2.474771,-17.450863
48.433334,254.951630,-2.632603,-18.713669
48.466667,254.886490,-2.792170,-19.974876
48.516666,254.727142,-3.044612,-21.860773
48.575001,254.465179,-3.353012,-24.051371
48.616665,254.232697,-3.581829,-25.608810
48.666668,253.896774,-3.859221,-27.467882
48.741665,253.250809,-4.282476,-30.223951
48.833332,252.207718,-4.809097,-33.504307
48.866665,251.755859,-4.998039,-34.667248
48.900002,251.267044,-5.182446,-35.813076
48.933334,250.744888,-5.364729,-36.941624
48.983334,249.909271,-5.636805,-38.604019
49.025002,249.173553,-5.862218,-39.964066
49.058334,248.561081,-6.041708,-41.035667
49.108334,247.601898,-6.308898,-42.613903
49.174999,246.239532,-6.657989,-44.655392
49.250000,244.576294,-7.040030,-46.845509
49.341667,242.336136,-7.488553,-49.330200
49.424999,240.111801,-7.888338,-51.381413
49.433334,239.880203,-7.927696,-51.575031
49.516666,237.477905,-8.309034,-53.389275
49.608334,234.650909,-8.707045,-55.132664
49.700001,231.634262,-9.077762,-56.623962
49.791668,228.445557,-9.402830,-57.831181
49.883335,225.113449,-9.668973,-58.732632
49.983334,221.359665,-9.887702,-59.356136
50.075001,217.876099,-10.057887,-59.566643
50.083332,217.563370,-10.077371,-59.567081
50.125000,216.028320,-10.194736,-59.523823
50.158333,214.835861,-10.308072,-59.439777
50.191666,213.664398,-10.435287,-59.317017
50.224998,212.495056,-10.571739,-59.158413
50.275002,210.746353,-10.791685,-58.862514
50.325001,209.003448,-11.018241,-58.508568
50.400002,206.396072,-11.308153,-57.877918
50.450001,204.674179,-11.458157,-57.406219
50.483334,203.538940,-11.542997,-57.075722
50.549999,201.303177,-11.689694,-56.370163
50.558334,201.027451,-11.706851,-56.276802
50.650002,197.765915,-11.905176,-55.025330
50.700001,196.040512,-12.005169,-54.214813
50.758335,194.097565,-12.125175,-53.133671
50.766666,193.827942,-12.143263,-52.965668
50.849998,191.278763,-12.338791,-51.076492
50.883335,190.345306,-12.423240,-50.215584
50.983334,187.793304,-12.697888,-47.391235
51.033333,186.624741,-12.842055,-45.888435
51.083332,185.511887,-12.992229,-44.348522
51.158333,183.900742,-13.225818,-42.011490
51.250000,181.932449,-13.518390,-39.176575
51.258335,181.750427,-13.545229,-38.922222
51.333332,180.045242,-13.783970,-36.691952
51.366665,179.237503,-13.888865,-35.745949
51.400002,178.402740,-13.994080,-34.827168
51.500000,175.773804,-14.319351,-32.213188
51.549999,174.399521,-14.483409,-30.981850
51.608334,172.744522,-14.675728,-29.616743
51.683334,170.530075,-14.930997,-27.993227
51.775002,167.682343,-15.239665,-26.251719
51.875000,164.412994,-15.601812,-24.705381
51.916668,163.010025,-15.775521,-24.179228
52.008335,159.845062,-16.243462,-23.247866
52.108334,156.279785,-16.918545,-22.576248
52.150002,154.798264,-17.270012,-22.409737
52.191666,153.353027,-17.654455,-22.311241
52.233334,151.941742,-18.048601,-22.278370
52.325001,148.856079,-18.793077,-22.438108
52.408333,146.004929,-19.176205,-22.895590
52.424999,145.415924,-19.227587,-23.026102
52.516666,142.180603,-19.429371,-24.167112
52.525002,141.901489,-19.442993,-24.309565
52.591667,139.797287,-19.535786,-25.670012
52.625000,138.839523,-19.577106,-26.481846
52.658333,137.943848,-19.616539,-27.363747
52.750000,135.785828,-19.651848,-30.073668
52.841667,134.024582,-19.636822,-33.081364
52.891666,133.247665,-19.641428,-34.824486
52.950001,132.530991,-19.648588,-36.932018
53.025002,131.984055,-19.729654,-39.738228
53.108334,131.954407,-19.986952,-42.900799
53.141666,132.112045,-20.115829,-44.150955
53.174999,132.326843,-20.228384,-45.393967
53.183334,132.388947,-20.250700,-45.703972
53.233334,132.801849,-20.339926,-47.563255
53.275002,133.146164,-20.381798,-49.115829
53.375000,133.814362,-20.445967,-52.873669
53.466667,134.208176,-20.492250,-56.348843
53.558334,134.392044,-20.536102,-59.825527
53.608334,134.404572,-20.555906,-61.716660
53.666668,134.350403,-20.575588,-63.915169
53.741665,134.194702,-20.597713,-66.726952
53.833332,133.907684,-20.622341,-70.139343
53.924999,133.537018,-20.646746,-73.524376
54.016666,133.087784,-20.670208,-76.880478
54.108334,132.560257,-20.682222,-80.205757
54.200001,131.956299,-20.689726,-83.498466
54.291668,131.275864,-20.691469,-86.756561
54.383335,130.519119,-20.688656,-89.978043
54.483334,129.610626,-20.661406,-93.449028
54.575001,128.703217,-20.623911,-96.590523
54.583332,128.617081,-20.620422,-96.874733
54.674999,127.628700,-20.568617,-100.000526
54.766666,126.569870,-20.458921,-103.130722
54.858334,125.422943,-20.311666,-106.258377
54.866665,125.314476,-20.296846,-106.542465
54.958332,124.083313,-20.113188,-109.665276
54.991665,123.620972,-20.033777,-110.800529
55.025002,123.145035,-19.951639,-111.933716
55.058334,122.650879,-19.865805,-113.062584
55.108334,121.868919,-19.729450,-114.743706
55.158333,121.028290,-19.582014,-116.403145
55.233334,119.636513,-19.333061,-118.830551
55.325001,117.713165,-18.986643,-121.647064
55.358334,116.957069,-18.848373,-122.618515
55.391666,116.175972,-18.705730,-123.556587
55.424999,115.373695,-18.559628,-124.461731
55.474998,114.145187,-18.336634,-125.758636
55.525002,112.897270,-18.115412,-126.990082
55.599998,111.010384,-17.785940,-128.744385
55.641666,109.955872,-17.596588,-129.685593
55.674999,109.108040,-17.442280,-130.420212
55.708332,108.254288,-17.286432,-131.135834
55.758335,106.957733,-17.050251,-132.166534
55.816666,105.415451,-16.774948,-133.294403
55.891666,103.379974,-16.424265,-134.608002
55.983334,100.811974,-16.001617,-135.974365
56.075001,98.174019,-15.586606,-137.059464
56.133335,96.472191,-15.325715,-137.601624
56.233334,93.507103,-14.900689,-138.272293
56.299999,91.491371,-14.611540,-138.534790
56.308334,91.237862,-14.574627,-138.557266
56.400002,88.147552,-14.132044,-138.508270
56.500000,84.906792,-13.701548,-137.589706
56.549999,83.412697,-13.516967,-136.802704
56.583332,82.480789,-13.402091,-136.169754
56.616665,81.600945,-13.292202,-135.463898
56.708332,79.408241,-13.010743,-133.251099
56.716667,79.223877,-12.986756,-133.034027
56.808334,77.362915,-12.730947,-130.499451
56.858334,76.484543,-12.591704,-129.014465
56.916668,75.576569,-12.422483,-127.207962
56.983334,74.645966,-12.222077,-125.075386
57.000000,74.427956,-12.172399,-124.532761
57.008335,74.321602,-12.147584,-124.259926
57.108334,73.015678,-11.839513,-120.973885
57.158333,72.284378,-11.687512,-119.346420
57.208332,71.498985,-11.542169,-117.732010
57.283333,70.234535,-11.346295,-115.330284
57.375000,68.578957,-11.152556,-112.415497
57.466667,66.825516,-11.011116,-109.513786
57.558334,64.982445,-10.907079,-106.623940
57.625000,63.587109,-10.852645,-104.531258
57.658333,62.870575,-10.829233,-103.489525
57.691666,62.139297,-10.806507,-102.454742
57.741665,61.010815,-10.769690,-100.925911
57.791668,59.836452,-10.725570,-99.438202
57.866665,57.971695,-10.641157,-97.307526
57.958332,55.514545,-10.494926,-94.898697
57.991665,54.574627,-10.411971,-94.082001
58.025002,53.611797,-10.310171,-93.298759
58.058334,52.628857,-10.190388,-92.547775
58.108334,51.125595,-9.986967,-91.472672
58.133335,50.364281,-9.875969,-90.954597
58.208332,48.040787,-9.517900,-89.457535
58.291668,45.392094,-9.091273,-87.865929
58.358334,43.228317,-8.748384,-86.581223
58.391666,42.157440,-8.582238,-85.914696
58.424999,41.095150,-8.420205,-85.233536
58.516666,38.168926,-7.998881,-83.362411
58.608334,35.192123,-7.575535,-81.573563
58.700001,32.168957,-7.110155,-79.875305
58.708332,31.891853,-7.066101,-79.725517
58.766666,29.940809,-6.752072,-78.700012
58.816666,28.259172,-6.476807,-77.840858
58.891666,25.749283,-6.054070,-76.531174
58.983334,22.762878,-5.515505,-74.791473
58.991665,22.498114,-5.465720,-74.622429
59.000000,22.234636,-5.415813,-74.451416
59.091667,19.440817,-4.848273,-72.426010
59.183334,16.862165,-4.229060,-70.146439
59.275002,14.539904,-3.495450,-67.640182
59.358334,12.669513,-2.769765,-65.174820
59.391666,11.988998,-2.487202,-64.138023
59.424999,11.343397,-2.225899,-63.073662
59.474998,10.433678,-1.884045,-61.431679
59.525002,9.581739,-1.595537,-59.748817
59.599998,8.392956,-1.274173,-57.164997
59.691666,7.055817,-1.030118,-53.943523
59.783333,5.819468,-0.901780,-50.693035
59.875000,4.677286,-0.858414,-47.426231
59.966667,3.623009,-0.841740,-44.149776
60.058334,2.655980,-0.846151,-40.866470
60.150002,1.779395,-0.841893,-37.577774
60.250000,0.914752,-0.823581,-33.989540
60.341667,0.208319,-0.810913,-30.698282
60.433334,-0.415907,-0.798387,-27.390675
60.441666,-0.468328,-0.796866,-27.089085
60.533333,-1.001964,-0.777634,-23.751019
60.625000,-1.460447,-0.761035,-20.369833
60.716667,-1.840563,-0.750964,-16.948545
60.808334,-2.138894,-0.743390,-13.490453
60.900002,-2.354033,-0.737428,-9.998150
61.000000,-2.492775,-0.732611,-6.167470
61.008335,-2.499714,-0.732251,-5.850255
61.108334,-2.528248,-0.728627,-2.078138
61.200001,-2.467578,-0.728315,1.322226
61.291668,-2.326464,-0.732065,4.665644
61.383335,-2.106886,-0.736515,7.953944
61.483334,-1.779709,-0.741876,11.491503
61.575001,-1.401852,-0.746782,14.686398
61.666668,-0.951770,-0.751290,17.833799
61.758335,-0.431656,-0.755421,20.932127
61.858334,0.211912,-0.756019,24.254599
61.950001,0.868799,-0.749669,27.246058
62.041668,1.589434,-0.734734,30.174904
62.091667,2.007029,-0.724722,31.741407
62.099998,2.078242,-0.722972,32.000347
62.191666,2.868632,-0.708607,35.157391
62.283333,3.420647,-0.690955,38.369282
62.375000,3.680116,-0.680210,41.623592
62.408333,3.704326,-0.680878,42.812416
62.441666,3.697374,-0.683500,44.002533
62.474998,3.670010,-0.687192,45.193638
62.566666,3.591254,-0.697902,48.476288
62.616665,3.583774,-0.702019,50.271675
62.666668,3.623660,-0.704946,52.069397
62.741665,3.830351,-0.703713,54.761536
62.783333,4.047785,-0.698633,56.246395
62.791668,4.100754,-0.697241,56.541859
62.799999,4.156697,-0.695725,56.836784
62.833332,4.407307,-0.688506,58.011223
62.924999,5.257089,-0.659671,61.202179
63.016666,6.303131,-0.609797,64.316757
63.108334,7.529177,-0.548698,67.344048
63.200001,8.927280,-0.476942,70.274231
63.241665,9.620535,-0.443778,71.570000
63.333332,11.281169,-0.372521,74.356743
63.383335,12.271295,-0.337981,75.843452
63.458332,13.881745,-0.299946,78.011276
63.466667,14.070500,-0.296357,78.246559
63.558334,16.283901,-0.268583,80.742790
63.650002,18.751638,-0.262236,83.038048
63.666668,19.226601,-0.262442,83.431114
63.674999,19.467037,-0.262857,83.624672
63.766666,22.564661,-0.288945,85.863808
63.858334,25.885984,-0.326140,87.824501
63.908333,27.778263,-0.352047,88.768105
63.941666,29.064163,-0.367582,89.346443
63.974998,30.366699,-0.384062,89.887115
64.025002,32.345802,-0.406351,90.637184
64.074997,34.349159,-0.430880,91.325432
64.150002,37.387703,-0.469086,92.266685
64.241669,41.140930,-0.523478,93.304123
64.333336,44.926842,-0.578581,94.245377
64.425003,48.741226,-0.633222,95.097710
64.516670,52.580761,-0.676399,95.869606
64.608330,56.437222,-0.678921,96.559944
64.699997,60.166611,-0.124495,97.173759
64.766670,62.926815,-0.048716,97.561371
64.824997,65.388428,-0.140354,97.879379
64.916664,69.312172,-0.182903,98.321640
65.008331,73.258713,-0.186281,98.671700
65.099998,77.216515,-0.186010,98.930687
65.191666,81.184288,-0.185832,99.101768
65.283333,85.160500,-0.185773,99.185516
65.375000,89.143257,-0.185797,99.181770
65.466667,93.130615,-0.185870,99.090378
65.558334,97.120499,-0.185960,98.911285
65.650002,101.110886,-0.186051,98.644493
65.741669,105.099709,-0.186139,98.290001
65.833336,109.084923,-0.186224,97.847893
65.866669,110.532799,-0.186255,97.665421
65.875000,110.894638,-0.186263,97.617996
65.966667,115.176643,-0.212894,97.130257
66.058334,119.475052,-0.377246,96.914085
66.150002,123.755867,-0.461452,97.026741
66.233330,127.614449,-0.470099,97.427101
66.266670,129.148376,-0.473190,97.656219
66.300003,130.678360,-0.476604,97.908867
66.391670,134.885437,-0.486166,98.600945
66.491669,139.491821,-0.496692,99.224037
66.541664,141.801697,-0.502033,99.469315
66.566666,142.958420,-0.504703,99.568535
66.641670,146.433884,-0.512444,99.745049
66.741669,151.063995,-0.522173,99.644157
66.783333,152.981583,-0.525944,99.456284
66.808334,154.126511,-0.527914,99.302628
66.841667,155.647919,-0.530181,99.066391
66.908333,158.689362,-0.533599,98.590698
66.916664,159.070251,-0.533972,98.536484
66.966667,161.359558,-0.536098,98.244476
67.041664,164.803253,-0.539613,97.904495
67.133331,169.021194,-0.545321,97.614265
67.224998,173.242447,-0.552222,97.428238
67.316666,177.448761,-0.560784,97.335960
67.358330,179.330627,-0.565448,97.324570
67.400002,181.186523,-0.570177,97.331589
67.425003,182.287521,-0.573046,97.344421
67.516670,186.309250,-0.584887,97.447098
67.616669,190.717972,-0.600129,97.660255
67.708336,194.776672,-0.615093,97.948662
67.783333,198.093552,-0.627929,98.249413
67.824997,199.903214,-0.634997,98.438522
67.866669,201.685104,-0.641996,98.642525
67.908333,203.439087,-0.648991,98.860970
67.933334,204.478027,-0.653155,98.998787
67.974998,206.191269,-0.659871,99.224289
67.983330,206.530716,-0.661148,99.266541
68.025002,208.215240,-0.667251,99.452232
68.058334,209.547684,-0.671852,99.563416
68.091667,210.865509,-0.676318,99.646317
68.133331,212.490524,-0.681601,99.730339
68.175003,214.089401,-0.686295,99.816170
68.266670,217.577408,-0.696582,100.069427
68.366669,221.373734,-0.701783,100.472755
68.416664,223.266220,-0.700554,100.722641
68.474998,225.472015,-0.696362,101.029892
68.566666,228.946945,-0.689477,101.443573
68.599998,230.214890,-0.687584,101.552544
68.633331,231.484131,-0.685968,101.645157
68.641670,231.801514,-0.685577,101.667221
68.741669,235.605820,-0.679252,101.985916
68.816666,238.444489,-0.651897,102.357803
68.866669,240.326096,-0.619592,102.677391
68.941666,243.131882,-0.559325,103.244438
69.033333,246.527237,-0.473499,104.042480
69.125000,249.881561,-0.371890,104.923981
69.216667,253.194916,-0.257188,105.880135
69.308334,256.465210,-0.128879,106.910591
69.400002,259.690247,0.010126,108.015800
69.491669,262.868408,0.160874,109.193512
69.583336,265.998199,0.321231,110.442146
69.616669,267.123108,0.380905,110.915680
69.650002,268.239136,0.441627,111.403320
69.699997,269.892120,0.534870,112.169594
69.750000,271.513367,0.632028,112.987732
69.841667,274.379791,0.821630,114.648964
69.875000,275.383392,0.893142,115.307343
69.966667,278.049896,1.098122,117.247444
70.016670,279.447876,1.216053,118.378143
70.091667,281.454651,1.404750,120.176537
70.183334,283.720093,1.643483,122.563293
70.275002,285.739471,1.896570,125.160927
70.366669,287.486298,2.135232,127.953972
70.441666,288.704834,2.301708,130.339615
70.458336,288.948914,2.329808,130.875931
70.550003,290.128204,2.447099,133.892410
70.558334,290.221832,2.454628,134.171890
70.650002,291.086456,2.601796,137.271240
70.741669,291.603851,2.822801,140.394547
70.775002,291.694946,2.923438,141.527237
70.808334,291.732605,3.038460,142.654236
70.900002,291.610168,3.396174,145.713638
70.949997,291.423615,3.603355,147.354004
71.025002,290.980988,3.847790,149.786667
71.116669,290.220184,4.055979,152.721451
71.208336,289.214294,4.168776,155.583481
71.300003,287.939545,4.187297,158.329193
71.391670,286.402832,4.202267,160.901627
71.458336,285.140839,4.209399,162.635315
71.466667,284.975616,4.210425,162.843765
71.558334,283.062775,4.229922,165.014969
71.574997,282.696991,4.233746,165.384842
71.666664,280.568573,4.251804,167.298096
71.758331,278.240814,4.272637,169.004532
71.833336,276.203369,4.293876,170.233200
71.841667,275.970184,4.296213,170.359879
71.916664,273.561768,4.315724,171.421570
71.949997,272.435669,4.327009,171.746490
71.983330,271.286560,4.341309,171.983902
72.074997,268.061340,4.391945,172.276352
72.166664,264.801208,4.470300,172.123154
72.175003,264.505188,4.478910,172.087921
72.266670,261.274536,4.587288,171.468292
72.366669,257.853607,4.745355,170.309509
72.458336,254.880661,4.930426,168.804565
72.508331,253.351059,5.038667,167.800262
72.533333,252.618942,5.097727,167.245911
72.541664,252.380859,5.117806,167.052734
72.591667,251.001083,5.236551,165.826309
72.625000,250.108612,5.312027,164.967560
72.716667,247.734558,5.548007,162.487350
72.808334,245.493668,5.827072,159.847763
72.858330,244.334869,5.992131,158.343185
72.916664,243.036667,6.172162,156.543137
72.991669,241.439362,6.399499,154.178268
73.083336,239.574493,6.676107,151.230606
73.175003,237.793198,6.902093,148.237473
73.241669,236.558121,7.033247,146.037354
73.275002,235.961685,7.092421,144.929642
73.308334,235.383804,7.153568,143.815125
73.358330,234.558212,7.244220,142.127914
73.408333,233.787537,7.341926,140.421616
73.441666,233.308411,7.412129,139.272781
73.474998,232.859573,7.482881,138.114548
73.525002,232.240448,7.588766,136.362289
73.583336,231.588760,7.711194,134.301865
73.658333,230.839996,7.864142,131.637833
73.750000,230.028458,8.044952,128.372086
73.841667,229.307343,8.215250,125.104309
73.933334,228.671432,8.376861,121.838020
74.025002,228.119644,8.519863,118.575119
74.116669,227.653793,8.598030,115.315933
74.191666,227.336548,8.624890,112.661880
74.283333,227.024200,8.967617,109.482513
74.375000,226.797089,9.183588,106.287712
74.466667,226.643173,9.129091,103.074814
74.558334,226.569534,9.065437,99.875389
74.650002,226.592590,9.112179,96.694702
74.741669,226.700043,9.221506,93.536285
74.833336,226.870193,9.249335,90.398018
74.925003,227.106552,9.170282,87.283997
75.016670,227.408325,8.969209,84.200294
75.116669,227.809647,8.539014,80.886932
75.208336,228.245224,8.111565,77.893951
75.233330,228.377350,8.038217,77.079468
75.324997,228.915024,7.703888,74.089668
75.333336,228.968307,7.669054,73.816727
75.425003,229.602448,7.259605,70.798462
75.516670,230.319443,6.815264,67.763680
75.616669,231.189606,6.307776,64.451080
75.633331,231.343353,6.221063,63.898758
75.641670,231.421204,6.177535,63.622578
75.741669,232.345352,5.594928,60.027813
75.833336,232.942413,5.028599,56.705135
75.866669,233.091995,4.813844,55.492718
75.900002,233.216873,4.595225,54.280758
75.991669,233.539627,3.981043,50.961517
76.083336,233.939957,3.372124,47.669575
76.175003,234.450760,2.781569,44.409428
76.250000,234.951233,2.311381,41.768692
76.316666,235.479202,1.908059,39.447445
76.333336,235.626190,1.810700,38.871773
76.425003,236.488571,1.300173,35.727726
76.516670,237.360962,0.824980,32.601135
76.616669,238.311951,0.368446,29.204372
76.708336,239.183365,0.010666,26.104197
76.758331,239.674393,-0.153759,24.422953
76.833336,240.499939,-0.362699,21.922335
76.925003,241.767532,-0.547522,18.920197
77.016670,243.389374,-0.662076,16.048944
77.050003,244.065292,-0.692598,15.046444
77.083336,244.770584,-0.718991,14.057581
77.125000,245.661789,-0.747472,12.818427
77.175003,246.709213,-0.779025,11.302181
77.250000,248.185333,-0.825593,8.940136
77.341667,249.782837,-0.891742,5.898255
77.349998,249.915085,-0.898830,5.613360
77.383331,250.422073,-0.927505,4.460886
77.416664,250.895081,-0.956174,3.289185
77.466667,251.548172,-1.006905,1.500666
77.516670,252.142334,-1.073074,-0.312316
77.599998,253.019165,-1.208561,-3.367702
77.633331,253.334045,-1.276949,-4.598994
77.683334,253.760223,-1.392967,-6.456298
77.741669,254.171234,-1.557951,-8.639052
77.816666,254.541794,-1.811036,-11.467116
77.891670,254.724289,-2.100405,-14.310034
77.925003,254.740417,-2.241781,-15.574937
77.958336,254.719406,-2.389858,-16.839025
78.008331,254.628174,-2.622955,-18.731892
78.066666,254.447861,-2.905720,-20.934111
78.116669,254.242142,-3.165372,-22.814608
78.150002,254.079834,-3.343155,-24.064634
78.191666,253.845642,-3.572083,-25.621805
78.241669,253.508652,-3.850602,-27.480520
78.316666,252.861069,-4.275587,-30.235941
78.408333,251.816101,-4.805965,-33.515102
78.441666,251.365036,-4.996555,-34.678074
78.474998,250.879608,-5.183481,-35.824951
78.525002,250.098038,-5.462804,-37.516506
78.558334,249.547058,-5.648476,-38.626434
78.599998,248.825134,-5.878348,-39.993126
78.650002,247.906830,-6.150634,-41.599068
78.724998,246.416779,-6.550490,-43.928261
78.816666,244.393585,-7.025823,-46.614780
78.908333,242.137695,-7.478037,-49.086918
79.000000,239.667343,-7.917652,-51.318401
79.008331,239.432938,-7.956727,-51.508671
79.083336,237.254944,-8.296411,-53.122467
79.175003,234.419815,-8.689841,-54.858452
79.266670,231.391235,-9.049779,-56.335251
79.366669,227.892487,-9.392350,-57.614574
79.458336,224.541824,-9.645721,-58.471771
79.550003,221.092194,-9.837122,-59.008442
79.616669,218.564240,-9.965065,-59.179653
79.625000,218.251968,-9.983319,-59.187004
79.666664,216.715866,-10.093672,-59.177475
79.699997,215.521500,-10.202084,-59.119354
79.733330,214.356873,-10.324243,-59.023766
79.766670,213.198975,-10.457653,-58.894844
79.816666,211.464569,-10.673601,-58.647846
79.875000,209.445084,-10.940269,-58.292988
79.966667,206.275009,-11.317428,-57.610775
80.000000,205.122009,-11.423069,-57.326683
80.033333,203.975372,-11.515574,-57.025974
80.099998,201.717392,-11.669416,-56.370399
80.108330,201.438843,-11.687011,-56.282841
80.199997,198.151062,-11.888187,-55.102497
80.250000,196.409866,-11.988750,-54.326603
80.324997,193.907028,-12.142829,-52.946594
80.333336,193.639633,-12.161152,-52.775082
80.383331,192.092850,-12.277619,-51.663151
80.416664,191.121384,-12.359669,-50.845173
80.508331,188.669418,-12.603064,-48.361767
80.599998,186.459656,-12.864202,-45.660980
80.650002,185.336441,-13.014468,-44.128624
80.724998,183.709747,-13.247577,-41.802349
80.800003,182.088074,-13.486383,-39.488892
80.808334,181.905594,-13.513356,-39.234482
80.900002,179.796036,-13.806181,-36.526649
80.933334,178.970718,-13.910806,-35.595932
80.966667,178.117661,-14.016003,-34.694115
81.058334,175.659882,-14.312577,-32.345573
81.108330,174.261948,-14.474127,-31.139370
81.175003,172.334290,-14.691587,-29.623051
81.250000,170.073303,-14.941753,-28.064331
81.341667,167.168503,-15.244485,-26.418804
81.433334,164.130005,-15.593045,-25.094334
81.458336,163.283340,-15.702969,-24.790920
81.550003,160.111359,-16.178034,-23.868048
81.641670,156.843765,-16.783297,-23.250288
81.683334,155.378937,-17.114065,-23.075630
81.724998,153.950607,-17.481445,-22.966911
81.766670,152.558609,-17.869469,-22.922487
81.808334,151.196472,-18.243156,-22.940945
81.900002,148.248734,-18.914459,-23.207020
81.966667,146.084503,-19.208746,-23.623140
81.983330,145.525177,-19.260265,-23.760487
81.991669,145.237305,-19.284130,-23.837019
82.083336,142.189499,-19.478216,-25.065853
82.150002,140.201981,-19.578659,-26.415817
82.183334,139.301819,-19.621441,-27.216793
82.216667,138.463409,-19.660206,-28.085495
82.308334,136.434113,-19.748892,-30.731813
82.400002,134.786011,-19.809528,-33.665588
82.458336,133.927841,-19.855997,-35.643261
82.508331,133.342529,-19.898674,-37.401234
82.583336,132.813629,-19.998123,-40.137676
82.666664,132.773987,-20.170441,-43.247807
82.699997,132.940628,-20.235455,-44.488266
82.733330,133.168304,-20.287191,-45.725735
82.766670,133.424164,-20.326265,-46.964859
82.866669,134.126480,-20.405836,-50.715374
82.958336,134.556290,-20.457558,-54.187782
83.050003,134.773560,-20.504007,-57.672852
83.099998,134.803741,-20.527752,-59.569466
83.158333,134.770309,-20.551203,-61.775028
83.233330,134.640640,-20.575623,-64.596695
83.324997,134.384048,-20.601673,-68.022034
83.416664,134.042755,-20.626486,-71.420670
83.508331,133.622192,-20.652828,-74.791031
83.599998,133.122559,-20.673952,-78.131187
83.691666,132.545746,-20.685179,-81.439392
83.783333,131.894196,-20.692417,-84.714111
83.875000,131.167114,-20.693920,-87.953186
83.966667,130.363861,-20.685886,-91.154366
84.058334,129.488724,-20.654036,-94.316513
84.150002,128.541901,-20.615356,-97.442039
84.241669,127.524864,-20.557358,-100.544540
84.283333,127.043327,-20.509598,-101.947433
84.349998,126.240547,-20.416441,-104.186516
84.383331,125.818977,-20.362713,-105.304459
84.416664,125.381310,-20.304434,-106.419769
84.466667,124.688454,-20.206587,-108.083672
84.516670,123.946709,-20.085552,-109.731163
84.525002,123.817924,-20.062679,-110.003761
84.599998,122.568382,-19.836689,-112.418358
84.675003,121.136292,-19.545420,-114.738457
84.708336,120.442337,-19.393183,-115.735451
84.741669,119.717781,-19.232344,-116.713478
84.791664,118.582169,-18.978121,-118.149513
84.858330,116.987999,-18.636398,-120.014809
84.891670,116.160912,-18.461224,-120.927727
84.941666,114.887947,-18.194756,-122.262436
85.000000,113.360802,-17.889496,-123.735924
85.050003,112.017052,-17.637381,-124.910637
85.083336,111.105316,-17.469175,-125.645996
85.116669,110.183235,-17.301441,-126.345337
85.208336,107.584518,-16.860641,-128.118607
85.258331,106.135056,-16.640478,-128.996994
85.333336,103.922417,-16.328480,-130.186783
85.425003,101.159561,-15.943607,-131.399689
85.516670,98.355141,-15.533982,-132.335724
85.541664,97.585190,-15.420568,-132.539124
85.550003,97.328194,-15.382774,-132.601730
85.566666,96.813866,-15.307104,-132.719254
85.658333,93.956200,-14.886191,-133.191452
85.750000,91.050423,-14.471477,-133.371948
85.841667,88.126152,-14.075380,-133.260269
85.866669,87.333145,-13.969619,-133.178925
85.875000,87.069939,-13.934618,-133.147003
85.966667,83.944000,-13.523688,-132.430756
86.000000,82.865005,-13.377378,-131.987457
86.033333,81.828339,-13.234345,-131.453125
86.125000,79.185875,-12.862659,-129.625977
86.133331,78.959465,-12.830154,-129.439468
86.224998,76.617378,-12.494086,-127.204811
86.316666,74.576180,-12.180919,-124.663315
86.366669,73.590965,-12.022274,-123.168770
86.441666,72.240868,-11.792161,-120.829117
86.508331,71.120911,-11.600646,-118.683769
86.541664,70.585152,-11.507819,-117.591209
86.566666,70.200279,-11.441088,-116.760452
86.574997,70.076286,-11.419631,-116.480988
86.666664,68.713020,-11.206357,-113.385811
86.716667,67.901627,-11.110342,-111.712219
86.766670,67.036148,-11.031675,-110.053787
86.841667,65.650787,-10.935184,-107.590950
86.933334,63.847717,-10.853153,-104.608337
87.016670,62.134670,-10.796379,-101.928131
87.050003,61.431976,-10.773459,-100.867401
87.083336,60.716316,-10.748744,-99.815430
87.133331,59.611313,-10.703678,-98.263771
87.183334,58.458820,-10.649329,-96.754623
87.258331,56.626663,-10.544737,-94.589302
87.349998,54.207363,-10.352648,-92.135925
87.441666,51.592548,-10.040294,-89.936440
87.474998,50.596130,-9.900408,-89.206024
87.508331,49.579964,-9.750654,-88.509918
87.550003,48.286861,-9.554570,-87.682938
87.599998,46.709534,-9.311626,-86.744034
87.675003,44.306370,-8.942929,-85.423729
87.716667,42.957474,-8.738920,-84.727676
87.808334,40.006634,-8.300228,-83.191338
87.841667,38.957699,-8.145577,-82.597214
87.875000,37.924641,-7.991169,-81.980797
87.966667,35.121170,-7.552312,-80.253014
88.058334,32.295647,-7.094597,-78.605141
88.150002,29.428976,-6.618213,-77.076500
88.216667,27.322023,-6.258065,-76.039009
88.266670,25.737265,-5.980360,-75.288498
88.341667,23.377739,-5.559595,-74.152740
88.416664,21.073338,-5.132339,-72.939407
88.425003,20.822418,-5.083739,-72.797226
88.516670,18.156548,-4.528413,-71.106308
88.616669,15.486918,-3.865302,-68.984261
88.708336,13.280295,-3.214196,-66.810745
88.800003,11.320082,-2.571900,-64.436081
88.833336,10.675431,-2.357602,-63.521160
88.925003,9.085048,-1.848369,-60.859276
88.933334,8.953243,-1.807878,-60.607018
88.966667,8.447039,-1.656051,-59.582653
89.000000,7.973643,-1.519598,-58.535568
89.041664,7.424314,-1.375433,-57.198307
89.091667,6.819362,-1.231468,-55.565800
89.166664,6.000259,-1.065606,-53.078548
89.258331,5.110724,-0.935904,-49.993889
89.349998,4.316388,-0.872225,-46.873737
89.441666,3.599877,-0.829743,-43.726997
89.533333,2.960671,-0.819563,-40.554512
89.625000,2.402468,-0.811855,-37.359432
89.716667,1.926096,-0.804209,-34.141605
89.808334,1.521343,-0.793988,-30.903776
89.900002,1.193624,-0.784589,-27.647406
89.991669,0.946758,-0.774807,-24.377121
90.008331,0.907276,-0.773148,-23.762764
90.074997,0.706113,-0.771763,-21.233595
90.108330,0.570637,-0.772354,-19.972361
90.141670,0.415999,-0.773226,-18.713369
90.233330,-0.007705,-0.773761,-15.269130
90.308334,-0.280921,-0.770447,-12.495495
90.375000,-0.458950,-0.767438,-10.066046
90.400002,-0.510423,-0.766259,-9.164064
90.425003,-0.553776,-0.764903,-8.267148
90.449997,-0.589100,-0.763449,-7.375369
90.474998,-0.616403,-0.762062,-6.488795
90.500000,-0.635703,-0.760769,-5.607496
90.525002,-0.647069,-0.759584,-4.731544
90.550003,-0.650595,-0.758515,-3.861010
90.574997,-0.646382,-0.757565,-2.995962
90.599998,-0.634533,-0.756733,-2.136471
90.625000,-0.615157,-0.756004,-1.282601
90.633331,-0.607045,-0.755781,-0.999239
90.641670,-0.598112,-0.755569,-0.716511
90.650002,-0.588363,-0.755366,-0.434420
90.666664,-0.566435,-0.755007,0.127844
90.675003,-0.554268,-0.754885,0.408011
90.683334,-0.547859,-0.755166,0.547776
90.691666,-0.543818,-0.754200,0.631426
90.783333,-0.494640,-0.734428,1.539014
90.875000,-0.449144,-0.725296,2.424908
90.966667,-0.407859,-0.721139,3.299362
91.058334,-0.369956,-0.719325,4.168225
91.150002,-0.335811,-0.718462,5.031483
91.241669,-0.304991,-0.717972,5.889099
91.333336,-0.277155,-0.717665,6.741050
91.425003,-0.252052,-0.717447,7.587318
91.516670,-0.228735,-0.717305,8.430967
91.616669,-0.205185,-0.717238,9.351417
